Chili's,https://www.trycarriage.com/en/ae/restaurants/chili-s--3
La Gustosa Restaurant & Grill,https://www.trycarriage.com/en/ae/restaurants/la-gustosa-restaurant-grill
Abd El Wahab,https://www.trycarriage.com/en/ae/restaurants/abd-el-wahab
Natural Kitchen,https://www.trycarriage.com/en/ae/restaurants/natural-kitchen
Pizza Italians,https://www.trycarriage.com/en/ae/restaurants/pizza-italians
Just Pasta,https://www.trycarriage.com/en/ae/restaurants/just-pasta
800 Pizza,https://www.trycarriage.com/en/ae/restaurants/800-pizza
The Chicken Shop,https://www.trycarriage.com/en/ae/restaurants/the-chicken-shop
Hatam,https://www.trycarriage.com/en/ae/restaurants/hatam
Aballii Burger,https://www.trycarriage.com/en/ae/restaurants/aballii-burger
Shakespeare and Co.,https://www.trycarriage.com/en/ae/restaurants/shakespeare-and-co
The Coffee Club,https://www.trycarriage.com/en/ae/restaurants/the-coffee-club--2
Dunkin' Donuts,https://www.trycarriage.com/en/ae/restaurants/dunkin-donuts--2
Al Sham Pastries & Grills,https://www.trycarriage.com/en/ae/restaurants/al-sham-pastries-grills
Sambusek,https://www.trycarriage.com/en/ae/restaurants/sambusek
Taqado Mexican Kitchen,https://www.trycarriage.com/en/ae/restaurants/taqado-mexican-kitchen
The Breakfast Shop,https://www.trycarriage.com/en/ae/restaurants/the-breakfast-shop--2
Bshawarma,https://www.trycarriage.com/en/ae/restaurants/bshawarma
Kababji Grill,https://www.trycarriage.com/en/ae/restaurants/kababji-grill
Sushi Counter,https://www.trycarriage.com/en/ae/restaurants/sushi-counter
Manoushe Street,https://www.trycarriage.com/en/ae/restaurants/manoushe-street--3
The Yellow Chilli,https://www.trycarriage.com/en/ae/restaurants/the-yellow-chilli--6
Beachside Caf�,https://www.trycarriage.com/en/ae/restaurants/beachside-cafe
Dai Pai Dong,https://www.trycarriage.com/en/ae/restaurants/dai-pai-dong
Hashtag Regag,https://www.trycarriage.com/en/ae/restaurants/hashtag-regag
Farghaly Fruits,https://www.trycarriage.com/en/ae/restaurants/farghaly-fruits--2
Moody Cookies,https://www.trycarriage.com/en/ae/restaurants/moody-cookies
Cone House,https://www.trycarriage.com/en/ae/restaurants/cone-house
Zaitoun Akhdar,https://www.trycarriage.com/en/ae/restaurants/zaitoun-akhdar
Ibsais Sweets,https://www.trycarriage.com/en/ae/restaurants/ibsais-sweets
Shakespeare and Co.,https://www.trycarriage.com/en/ae/restaurants/shakespeare-and-co
Burgerchi,https://www.trycarriage.com/en/ae/restaurants/burgerchi
Camel Cookies,https://www.trycarriage.com/en/ae/restaurants/camel-cookies
Sheel w Mashi,https://www.trycarriage.com/en/ae/restaurants/sheel-w-mashi
Shawarma Al Salateen,https://www.trycarriage.com/en/ae/restaurants/shawarma-al-salateen
Fish & Co,https://www.trycarriage.com/en/ae/restaurants/fish-co
Secret Caf�,https://www.trycarriage.com/en/ae/restaurants/secret-cafe
Petek Restaurant & Sweets,https://www.trycarriage.com/en/ae/restaurants/petek-restaurant-sweets
Game of Toast,https://www.trycarriage.com/en/ae/restaurants/game-of-toast
BBQ Shawarma,https://www.trycarriage.com/en/ae/restaurants/bbq-shawarma--3
Italian Pizza Restaurant,https://www.trycarriage.com/en/ae/restaurants/italian-pizza-restaurant
Cups and Mills Caf�,https://www.trycarriage.com/en/ae/restaurants/cups-and-mills-cafe
Sama Al Bawadi,https://www.trycarriage.com/en/ae/restaurants/sama-al-bawadi
Al Liwan Alshami Restaurant,https://www.trycarriage.com/en/ae/restaurants/al-liwan-alshami-restaurant
Dairy Queen Grill & Chill,https://www.trycarriage.com/en/ae/restaurants/dairy-queen-grill-chill
Sushi Story,https://www.trycarriage.com/en/ae/restaurants/sushi-story
El Chico,https://www.trycarriage.com/en/ae/restaurants/el-chico--2
Foomanchoo,https://www.trycarriage.com/en/ae/restaurants/foomanchoo--2
Bu Deech,https://www.trycarriage.com/en/ae/restaurants/bu-deech
Blendstop Caf�,https://www.trycarriage.com/en/ae/restaurants/blendstop-cafe
Chopt Salad,https://www.trycarriage.com/en/ae/restaurants/chopt-salad
Forty Fruity,https://www.trycarriage.com/en/ae/restaurants/forty-fruity
Shezon Bakery & Caf�,https://www.trycarriage.com/en/ae/restaurants/shezon-bakery-cafe--2
German Doner Kebab,https://www.trycarriage.com/en/ae/restaurants/german-doner-kebab--3
SWITCH,https://www.trycarriage.com/en/ae/restaurants/switch
Dynamite Box,https://www.trycarriage.com/en/ae/restaurants/dynamite-box
Qalaat Al Manaqesh,https://www.trycarriage.com/en/ae/restaurants/qalaat-al-manaqesh
Superstar Chicken,https://www.trycarriage.com/en/ae/restaurants/superstar-chicken
Bas Man'ouche,https://www.trycarriage.com/en/ae/restaurants/bas-man-ouche
Waterlemon,https://www.trycarriage.com/en/ae/restaurants/waterlemon
Phat!,https://www.trycarriage.com/en/ae/restaurants/phat
Bu Shanab,https://www.trycarriage.com/en/ae/restaurants/bu-shanab--5
Slider Rev,https://www.trycarriage.com/en/ae/restaurants/slider-rev
Sushi Central,https://www.trycarriage.com/en/ae/restaurants/sushi-central
Sumaq,https://www.trycarriage.com/en/ae/restaurants/sumaq
Firefly Burger,https://www.trycarriage.com/en/ae/restaurants/firefly-burger
Mizushi Restaurant,https://www.trycarriage.com/en/ae/restaurants/mizushi-restaurant
Waragz,https://www.trycarriage.com/en/ae/restaurants/waragz
Applebee's,https://www.trycarriage.com/en/ae/restaurants/applebee-s--5
Dolmabahce,https://www.trycarriage.com/en/ae/restaurants/dolmabahce
French Bakery,https://www.trycarriage.com/en/ae/restaurants/french-bakery--2
Greek Doner,https://www.trycarriage.com/en/ae/restaurants/greek-doner--3
Karam Lebanon Restaurant,https://www.trycarriage.com/en/ae/restaurants/karam-lebanon-restaurant--2
